batch_invoice_no,batch_invoice_date,batch_waybill_no,batch_waybill_date,device_id,meter_created_at,phase_type,sim_no,imei_no,whm_system_utility,last_meter_location,swh_delivery_time,current_meter_status,status,edf_vendor_manager_name,batch_supplier,whm_vendor_manager_name,date_of_dispatch_to_OEM_repair,date_of_receipt_of_meter_WH,date_of_receipt_of_refurbished,refurbished_meter_received_date,faulty_declared_date,s2s_faulty_declared_date,s2s_date_of_receipt_of_meter_WH,s2s_date_of_dispatch_to_OEM_repair,s2s_date_of_receipt_of_refurbished,s2s_refurbished_meter_received_date,reveived_date,vendor_dispatched_date,swh_inventory_status
1170469932,10-Apr-21,181323562027,10-Apr-21,RE_LT0001801,"14/09/2022 12:01:24 PM","1 Phase",8991856050706003462,866545055737909,NBPD,"Main Warehouse",1663653613,"Main Warehouse","New Meter",,L&T,,,,,,,,,,,,15-Apr-21,2022-09-20,Outstock
1170469932,10-Apr-21,181323562027,10-Apr-21,NR_LT0001802,"14/09/2022 12:01:24 PM","1 Phase",8991856050706003461,866545055745910,NBPD,EDFO&M_KantiNB,1663653613,"Open in VP warehouse","New Meter",,L&T,,,,,,,,,,,,15-Apr-21,2022-09-20,Outstock
1170469932,10-Apr-21,181323562027,10-Apr-21,RE_LT0001803,"14/09/2022 12:01:24 PM","1 Phase",8991856050706003466,866545055715954,NBPD,DalshingsaraiDiscom_DalshingsaraiNB,1663653613,"Open in VP warehouse","New Meter",,L&T,,,,,,,,,,,,15-Apr-21,2022-09-20,Outstock
1170469932,10-Apr-21,181323562027,10-Apr-21,LT0001804,"14/09/2022 12:01:24 PM","1 Phase",8991856050706003453,866545055745712,NBPD,"Main Warehouse",1663140579,"Main Warehouse","New Meter",,L&T,,,,,,,,,,,,15-Apr-21,2022-09-15,NA
1170469932,10-Apr-21,181323562027,10-Apr-21,LT0001805,"14/09/2022 12:01:24 PM","1 Phase",8991856050706003454,866545055747296,NBPD,"Main Warehouse",1663140579,"Main Warehouse","New Meter",,L&T,,,,,,,,,,,,15-Apr-21,2022-09-15,NA
1170469932,10-Apr-21,181323562027,10-Apr-21,LT0001806,"14/09/2022 12:01:24 PM","1 Phase",8991856050706003463,866545055745233,NBPD,"Main Warehouse",1663140579,"Main Warehouse","New Meter",,L&T,,,,,,,,,,,,15-Apr-21,2022-09-15,NA
1170469932,10-Apr-21,181323562027,10-Apr-21,LT0001807,"14/09/2022 12:01:24 PM","1 Phase",8991856050706003471,866545055716234,NBPD,"Main Warehouse",1663140579,"Main Warehouse","New Meter",,L&T,,,,,,,,,,,,15-Apr-21,2022-09-15,NA
1170469932,10-Apr-21,181323562027,10-Apr-21,LT0001808,"14/09/2022 12:01:24 PM","1 Phase",8991856050706003470,866545055731290,NBPD,"Main Warehouse",1663140579,"Main Warehouse","New Meter",,L&T,,,,,,,,,,,,15-Apr-21,2022-09-15,NA
1170469932,10-Apr-21,181323562027,10-Apr-21,LT0001809,"14/09/2022 12:01:24 PM","1 Phase",8991856050706003460,866545055713140,NBPD,"Main Warehouse",1663140579,"Main Warehouse","New Meter",,L&T,,,,,,,,,,,,15-Apr-21,2022-09-15,NA
1170469932,10-Apr-21,181323562027,10-Apr-21,LT0001810,"14/09/2022 12:01:24 PM","1 Phase",8991856050706003469,866545055714478,NBPD,"Main Warehouse",1663140579,"Main Warehouse","New Meter",,L&T,,,,,,,,,,,,15-Apr-21,2022-09-15,NA
1170469932,10-Apr-21,181323562027,10-Apr-21,LT0001811,"14/09/2022 12:01:24 PM","1 Phase",8991856050706003472,866545055761370,NBPD,"Main Warehouse",1663140579,"Main Warehouse","New Meter",,L&T,,,,,,,,,,,,15-Apr-21,2022-09-15,NA
1170469932,10-Apr-21,181323562027,10-Apr-21,LT0001812,"14/09/2022 12:01:24 PM","1 Phase",8991856050706003075,866545055720202,NBPD,"Main Warehouse",1663140579,"Main Warehouse","New Meter",,L&T,,,,,,,,,,,,15-Apr-21,2022-09-15,NA
1170469932,10-Apr-21,181323562027,10-Apr-21,LT0001813,"14/09/2022 12:01:24 PM","1 Phase",8991856050706003494,866545055745894,NBPD,"VM NBPD",1663140579,"S2S Damaged Marked by VM",Damaged,,L&T,,,,,,,,,,,,15-Apr-21,2022-09-15,Outstock
1170469932,10-Apr-21,181323562027,10-Apr-21,LT0001814,"14/09/2022 12:01:24 PM","1 Phase",8991856050706003492,866545055733684,NBPD,"Main Warehouse",1663140579,"Main Warehouse","New Meter",,L&T,,2022-12-15,2022-12-15,2022-12-15,,2022-12-15,,,,,,15-Apr-21,2022-09-15,NA
1170469932,10-Apr-21,181323562027,10-Apr-21,LT0001815,"14/09/2022 12:01:24 PM","1 Phase",8991856050706004745,866545055768318,NBPD,"Main Warehouse",1663140579,"Main Warehouse","New Meter",,L&T,,2022-12-16,2022-12-16,2022-12-16,,2022-12-16,,,,,,15-Apr-21,2022-09-15,NA
1170469932,10-Apr-21,181323562027,10-Apr-21,LT0001816,"14/09/2022 12:01:24 PM","1 Phase",8991856050706003053,866545055757097,NBPD,"Main Warehouse",1663140579,"Main Warehouse","New Meter",,L&T,L&T,,,,,,2022-12-15,2022-12-15,2022-12-15,2022-12-15,,15-Apr-21,2022-09-15,NA
1170469932,10-Apr-21,181323562027,10-Apr-21,LT0001817,"14/09/2022 12:01:24 PM","1 Phase",8991856050706004507,866545055742651,NBPD,"Main Warehouse",1663140579,"Main Warehouse","New Meter",,L&T,L&T,,,,,,2022-12-15,2022-12-15,2022-12-15,2022-12-15,,15-Apr-21,2022-09-15,NA
1170469932,10-Apr-21,181323562027,10-Apr-21,LT0001818,"14/09/2022 12:01:24 PM","1 Phase",8991856050706004918,866545055721374,NBPD,"Main Warehouse",1663140579,"Main Warehouse","New Meter",,L&T,L&T,,,,,,2022-12-15,2022-12-15,2022-12-15,2022-12-15,,15-Apr-21,2022-09-15,NA
1170469932,10-Apr-21,181323562027,10-Apr-21,LT0001819,"14/09/2022 12:01:24 PM","1 Phase",8991856050706004826,866545055720335,NBPD,"Main Warehouse",1663140579,"Main Warehouse","New Meter",,L&T,L&T,,,,,,2022-12-15,2022-12-15,2022-12-15,2022-12-15,,15-Apr-21,2022-09-15,NA
1170469932,10-Apr-21,181323562027,10-Apr-21,LT0001820,"14/09/2022 12:01:24 PM","1 Phase",8991856050706004856,866545055709965,NBPD,"VM NBPD",1663140579,"Open in VP warehouse","New Meter",,L&T,,,,,,,,,,,,15-Apr-21,2022-09-15,Outstock
1170469932,10-Apr-21,181323562027,10-Apr-21,LT0001821,"14/09/2022 12:01:24 PM","1 Phase",8991856050706003055,866545055746702,NBPD,"VM NBPD",1663140579,"Open in VP warehouse","New Meter",,L&T,,,,,,,,,,,,15-Apr-21,2022-09-15,Outstock
1170469932,10-Apr-21,181323562027,10-Apr-21,LT0001822,"14/09/2022 12:01:24 PM","1 Phase",8991856050706004808,866545055753229,NBPD,"VM NBPD",1663140579,"Open in VP warehouse","New Meter",,L&T,,,,,,,,,,,,15-Apr-21,2022-09-15,Outstock
1170469932,10-Apr-21,181323562027,10-Apr-21,LT0001823,"14/09/2022 12:01:24 PM","1 Phase",8991856050706004911,866545055715434,NBPD,"VM NBPD",1663140579,"Open in VP warehouse","New Meter",,L&T,,,,,,,,,,,,15-Apr-21,2022-09-15,Outstock
1170469932,10-Apr-21,181323562027,10-Apr-21,LT0001824,"14/09/2022 12:01:24 PM","1 Phase",8991856050706003465,866545055745225,NBPD,"VM NBPD",1663140579,"Open in VP warehouse","New Meter",,L&T,,,,,,,,,,,,15-Apr-21,2022-09-15,Outstock
1170469932,10-Apr-21,181323562027,10-Apr-21,LT0001825,"14/09/2022 12:01:24 PM","1 Phase",8991856050706004809,866545055716283,NBPD,"VM NBPD",1663140579,"Open in VP warehouse","New Meter",,L&T,,,,,,,,,,,,15-Apr-21,2022-09-15,Outstock
1170469932,10-Apr-21,181323562027,10-Apr-21,LT0001826,"14/09/2022 12:01:24 PM","1 Phase",8991856050706003482,866545055713413,NBPD,"VM NBPD",1663140579,"Open in VP warehouse","New Meter",,L&T,,,,,,,,,,,,15-Apr-21,2022-09-15,Outstock
1170469932,10-Apr-21,181323562027,10-Apr-21,LT0001827,"14/09/2022 12:01:24 PM","1 Phase",8991856050706004811,866545055722133,NBPD,"VM NBPD",1663140579,"Open in VP warehouse","New Meter",,L&T,,,,,,,,,,,,15-Apr-21,2022-09-15,Outstock
1170469932,10-Apr-21,181323562027,10-Apr-21,LT0001828,"14/09/2022 12:01:25 PM","1 Phase",8991856050706003486,866545055726373,NBPD,"VM NBPD",1663140579,"Open in VP warehouse","New Meter",,L&T,,,,,,,,,,,,15-Apr-21,2022-09-15,Outstock
1170469932,10-Apr-21,181323562027,10-Apr-21,LT0001829,"14/09/2022 12:01:25 PM","1 Phase",8991856050706003052,866545055718719,NBPD,"VM NBPD",1663140579,"Open in VP warehouse","New Meter",,L&T,,,,,,,,,,,,15-Apr-21,2022-09-15,Outstock
1170469932,10-Apr-21,181323562027,10-Apr-21,LT0001830,"14/09/2022 12:01:25 PM","1 Phase",8991856050706003478,866545055714940,NBPD,"VM NBPD",1663140579,"Open in VP warehouse","New Meter",,L&T,,,,,,,,,,,,15-Apr-21,2022-09-15,Outstock
1170469932,10-Apr-21,181323562027,10-Apr-21,LT0001831,"14/09/2022 12:01:25 PM","1 Phase",8991856050706003479,866545055727322,NBPD,"VM NBPD",1663140579,"Open in VP warehouse","New Meter",,L&T,,,,,,,,,,,,15-Apr-21,2022-09-15,Outstock
1170469932,10-Apr-21,181323562027,10-Apr-21,LT0001832,"14/09/2022 12:01:25 PM","1 Phase",8991856050706003458,866545055747502,NBPD,"VM NBPD",1663140579,"Open in VP warehouse","New Meter",,L&T,,,,,,,,,,,,15-Apr-21,2022-09-15,Outstock
1170469932,10-Apr-21,181323562027,10-Apr-21,LT0001833,"14/09/2022 12:01:25 PM","1 Phase",8991856050706003457,866545055736588,NBPD,"VM NBPD",1663140579,"Open in VP warehouse","New Meter",,L&T,,,,,,,,,,,,15-Apr-21,2022-09-15,Outstock
1170469932,10-Apr-21,181323562027,10-Apr-21,LT0001834,"14/09/2022 12:01:25 PM","1 Phase",8991856050706003456,866545055725094,NBPD,"VM NBPD",1663140579,"Open in VP warehouse","New Meter",,L&T,,,,,,,,,,,,15-Apr-21,2022-09-15,Outstock
1170469932,10-Apr-21,181323562027,10-Apr-21,LT0001835,"14/09/2022 12:01:25 PM","1 Phase",8991856050706003464,866545055718651,NBPD,"VM NBPD",1663140579,"Open in VP warehouse","New Meter",,L&T,,,,,,,,,,,,15-Apr-21,2022-09-15,Outstock
1170469932,10-Apr-21,181323562027,10-Apr-21,LT0001836,"14/09/2022 12:01:25 PM","1 Phase",8991856050706003455,866545055732421,NBPD,"VM NBPD",1663140579,"Open in VP warehouse","New Meter",,L&T,,,,,,,,,,,,15-Apr-21,2022-09-15,Outstock
1170469932,10-Apr-21,181323562027,10-Apr-21,LT0001837,"14/09/2022 12:01:25 PM","1 Phase",8991856050706003451,866545055763871,NBPD,"VM NBPD",1663140579,"Open in VP warehouse","New Meter",,L&T,,,,,,,,,,,,15-Apr-21,2022-09-15,Outstock
1170469932,10-Apr-21,181323562027,10-Apr-21,LT0001838,"14/09/2022 12:01:25 PM","1 Phase",8991856050706003467,866545055749292,NBPD,"VM NBPD",1663140579,"Open in VP warehouse","New Meter",,L&T,,,,,,,,,,,,15-Apr-21,2022-09-15,Outstock
1170469932,10-Apr-21,181323562027,10-Apr-21,LT0001839,"14/09/2022 12:01:25 PM","1 Phase",8991856050706003491,866545055749300,NBPD,"VM NBPD",1663140579,"Open in VP warehouse","New Meter",,L&T,,,,,,,,,,,,15-Apr-21,2022-09-15,Outstock
1170469932,10-Apr-21,181323562027,10-Apr-21,LT0001840,"14/09/2022 12:01:25 PM","1 Phase",8991856050706003490,866545055724949,NBPD,"VM NBPD",1663140579,"Open in VP warehouse","New Meter",,L&T,,,,,,,,,,,,15-Apr-21,2022-09-15,Outstock
1170469932,10-Apr-21,181323562027,10-Apr-21,LT0001841,"14/09/2022 12:01:25 PM","1 Phase",8991856050706003485,866545055723610,NBPD,"VM NBPD",1663140579,"Open in VP warehouse","New Meter",,L&T,,,,,,,,,,,,15-Apr-21,2022-09-15,Outstock
1170469932,10-Apr-21,181323562027,10-Apr-21,LT0001842,"14/09/2022 12:01:25 PM","1 Phase",8991856050706003484,866545055717000,NBPD,"VM NBPD",1663140579,"Open in VP warehouse","New Meter",,L&T,,,,,,,,,,,,15-Apr-21,2022-09-15,Outstock
1170469932,10-Apr-21,181323562027,10-Apr-21,LT0001843,"14/09/2022 12:01:25 PM","1 Phase",8991856050706003483,866545055718495,NBPD,"VM NBPD",1663140579,"Open in VP warehouse","New Meter",,L&T,,,,,,,,,,,,15-Apr-21,2022-09-15,Outstock
1170469932,10-Apr-21,181323562027,10-Apr-21,LT0001844,"14/09/2022 12:01:25 PM","1 Phase",8991856050706003489,866545055725227,NBPD,"VM NBPD",1663140579,"Open in VP warehouse","New Meter",,L&T,,,,,,,,,,,,15-Apr-21,2022-09-15,Outstock
1170469932,10-Apr-21,181323562027,10-Apr-21,LT0001845,"14/09/2022 12:01:25 PM","1 Phase",8991856050706003452,866545055736679,NBPD,"VM NBPD",1663140579,"Open in VP warehouse","New Meter",,L&T,,,,,,,,,,,,15-Apr-21,2022-09-15,Outstock
1170469932,10-Apr-21,181323562027,10-Apr-21,LT0001846,"14/09/2022 12:01:25 PM","1 Phase",8991856050706003488,866545055725748,NBPD,"VM NBPD",1663140579,"Open in VP warehouse","New Meter",,L&T,,,,,,,,,,,,15-Apr-21,2022-09-15,Outstock
1170469932,10-Apr-21,181323562027,10-Apr-21,LT0001847,"14/09/2022 12:01:25 PM","1 Phase",8991856050706003480,866545055745779,NBPD,"VM NBPD",1663140579,"Open in VP warehouse","New Meter",,L&T,,,,,,,,,,,,15-Apr-21,2022-09-15,Outstock
1170469932,10-Apr-21,181323562027,10-Apr-21,LT0001848,"14/09/2022 12:01:25 PM","1 Phase",8991856050706004696,866545055713447,NBPD,"VM NBPD",1663140579,"Open in VP warehouse","New Meter",,L&T,,,,,,,,,,,,15-Apr-21,2022-09-15,Outstock
1170469932,10-Apr-21,181323562027,10-Apr-21,LT0001849,"14/09/2022 12:01:25 PM","1 Phase",8991856050706003498,866545055725243,NBPD,"VM NBPD",1663140579,"Open in VP warehouse","New Meter",,L&T,,,,,,,,,,,,15-Apr-21,2022-09-15,Outstock
1170469932,10-Apr-21,181323562027,10-Apr-21,LT0001850,"14/09/2022 12:01:25 PM","1 Phase",8991856050706003497,866545055727116,NBPD,"VM NBPD",1663140579,"Open in VP warehouse","New Meter",,L&T,,,,,,,,,,,,15-Apr-21,2022-09-15,Outstock
1170469932,10-Apr-21,181323562027,10-Apr-21,LT0001851,"14/09/2022 12:01:25 PM","1 Phase",8991856050706003259,866545055715038,NBPD,"VM NBPD",1663140579,"Open in VP warehouse","New Meter",,L&T,,,,,,,,,,,,15-Apr-21,2022-09-15,Outstock
1170469932,10-Apr-21,181323562027,10-Apr-21,LT0001852,"14/09/2022 12:01:25 PM","1 Phase",8991856050706003499,866545055720350,NBPD,"VM NBPD",1663140579,"Open in VP warehouse","New Meter",,L&T,,,,,,,,,,,,15-Apr-21,2022-09-15,Outstock
1170469932,10-Apr-21,181323562027,10-Apr-21,LT0001853,"14/09/2022 12:01:25 PM","1 Phase",8991856050706004812,866545055735077,NBPD,"VM NBPD",1663140579,"Open in VP warehouse","New Meter",,L&T,,,,,,,,,,,,15-Apr-21,2022-09-15,Outstock
1170469932,10-Apr-21,181323562027,10-Apr-21,LT0001854,"14/09/2022 12:01:25 PM","1 Phase",8991856050706004510,866545055742404,NBPD,"VM NBPD",1663140579,"Open in VP warehouse","New Meter",,L&T,,,,,,,,,,,,15-Apr-21,2022-09-15,Outstock
1170469932,10-Apr-21,181323562027,10-Apr-21,LT0001855,"14/09/2022 12:01:25 PM","1 Phase",8991856050706003481,866545055720111,NBPD,"VM NBPD",1663140579,"Open in VP warehouse","New Meter",,L&T,,,,,,,,,,,,15-Apr-21,2022-09-15,Outstock
1170469932,10-Apr-21,181323562027,10-Apr-21,LT0001856,"14/09/2022 12:01:25 PM","1 Phase",8991856050706003477,866545055712977,NBPD,"VM NBPD",1663140579,"Open in VP warehouse","New Meter",,L&T,,,,,,,,,,,,15-Apr-21,2022-09-15,Outstock
1170469932,10-Apr-21,181323562027,10-Apr-21,LT0001857,"14/09/2022 12:01:25 PM","1 Phase",8991856050706004720,866545055768672,NBPD,"VM NBPD",1663140579,"Open in VP warehouse","New Meter",,L&T,,,,,,,,,,,,15-Apr-21,2022-09-15,Outstock
1170469932,10-Apr-21,181323562027,10-Apr-21,LT0001858,"14/09/2022 12:01:25 PM","1 Phase",8991856050706003300,866545055754581,NBPD,"VM NBPD",1663140579,"Open in VP warehouse","New Meter",,L&T,,,,,,,,,,,,15-Apr-21,2022-09-15,Outstock
1170469932,10-Apr-21,181323562027,10-Apr-21,LT0001859,"14/09/2022 12:01:25 PM","1 Phase",8991856050706003003,866545055714957,NBPD,"VM NBPD",1663140579,"Open in VP warehouse","New Meter",,L&T,,,,,,,,,,,,15-Apr-21,2022-09-15,Outstock
1170469932,10-Apr-21,181323562027,10-Apr-21,LT0001860,"14/09/2022 12:01:25 PM","1 Phase",8991856050706003495,866545055732983,NBPD,"VM NBPD",1663140579,"Open in VP warehouse","New Meter",,L&T,,,,,,,,,,,,15-Apr-21,2022-09-15,Outstock
1170469932,10-Apr-21,181323562027,10-Apr-21,LT0001861,"14/09/2022 12:01:25 PM","1 Phase",8991856050706003002,866545055720079,NBPD,"VM NBPD",1663140579,"Open in VP warehouse","New Meter",,L&T,,,,,,,,,,,,15-Apr-21,2022-09-15,Outstock
1170469932,10-Apr-21,181323562027,10-Apr-21,LT0001862,"14/09/2022 12:01:25 PM","1 Phase",8991856050706004506,866545055753690,NBPD,"VM NBPD",1663140579,"Open in VP warehouse","New Meter",,L&T,,,,,,,,,,,,15-Apr-21,2022-09-15,Outstock
1170469932,10-Apr-21,181323562027,10-Apr-21,LT0001863,"14/09/2022 12:01:25 PM","1 Phase",8991856050706003496,866545055711748,NBPD,"VM NBPD",1663140579,"Open in VP warehouse","New Meter",,L&T,,,,,,,,,,,,15-Apr-21,2022-09-15,Outstock
1170469932,10-Apr-21,181323562027,10-Apr-21,LT0001864,"14/09/2022 12:01:25 PM","1 Phase",8991856050706004520,866545055716291,NBPD,"VM NBPD",1663140579,"Open in VP warehouse","New Meter",,L&T,,,,,,,,,,,,15-Apr-21,2022-09-15,Outstock
1170469932,10-Apr-21,181323562027,10-Apr-21,LT0001865,"14/09/2022 12:01:25 PM","1 Phase",8991856050706004702,866545055742305,NBPD,"VM NBPD",1663140579,"Open in VP warehouse","New Meter",,L&T,,,,,,,,,,,,15-Apr-21,2022-09-15,Outstock
1170469932,10-Apr-21,181323562027,10-Apr-21,LT0001866,"14/09/2022 12:01:25 PM","1 Phase",8991856050706004512,866545055711144,NBPD,"VM NBPD",1663140579,"Open in VP warehouse","New Meter",,L&T,,,,,,,,,,,,15-Apr-21,2022-09-15,Outstock
1170469932,10-Apr-21,181323562027,10-Apr-21,LT0001867,"14/09/2022 12:01:25 PM","1 Phase",8991856050706003487,866545055726175,NBPD,"VM NBPD",1663140579,"Open in VP warehouse","New Meter",,L&T,,,,,,,,,,,,15-Apr-21,2022-09-15,Outstock
1170469932,10-Apr-21,181323562027,10-Apr-21,LT0001868,"14/09/2022 12:01:25 PM","1 Phase",8991856050706003000,866545055754557,NBPD,"VM NBPD",1663140579,"Open in VP warehouse","New Meter",,L&T,,,,,,,,,,,,15-Apr-21,2022-09-15,Outstock
1170469932,10-Apr-21,181323562027,10-Apr-21,LT0001869,"14/09/2022 12:01:25 PM","1 Phase",8991856050706004701,866545055729567,NBPD,"VM NBPD",1663140579,"Open in VP warehouse","New Meter",,L&T,,,,,,,,,,,,15-Apr-21,2022-09-15,Outstock
1170469932,10-Apr-21,181323562027,10-Apr-21,LT0001870,"14/09/2022 12:01:25 PM","1 Phase",8991856050706004694,866545055718917,NBPD,"VM NBPD",1663140579,"Open in VP warehouse","New Meter",,L&T,,,,,,,,,,,,15-Apr-21,2022-09-15,Outstock
1170469932,10-Apr-21,181323562027,10-Apr-21,LT0001871,"14/09/2022 12:01:25 PM","1 Phase",8991856050706003493,866545055725789,NBPD,"VM NBPD",1663140579,"Open in VP warehouse","New Meter",,L&T,,,,,,,,,,,,15-Apr-21,2022-09-15,Outstock
1170469932,10-Apr-21,181323562027,10-Apr-21,LT0001872,"14/09/2022 12:01:25 PM","1 Phase",8991856050706004525,866545055754490,NBPD,"VM NBPD",1663140579,"Open in VP warehouse","New Meter",,L&T,,,,,,,,,,,,15-Apr-21,2022-09-15,Outstock
1170469932,10-Apr-21,181323562027,10-Apr-21,LT0001873,"14/09/2022 12:01:25 PM","1 Phase",8991856050706004699,866545055751512,NBPD,"VM NBPD",1663140579,"Open in VP warehouse","New Meter",,L&T,,,,,,,,,,,,15-Apr-21,2022-09-15,Outstock
1170469932,10-Apr-21,181323562027,10-Apr-21,LT0001874,"14/09/2022 12:01:25 PM","1 Phase",8991856050706004526,866545055713637,NBPD,"VM NBPD",1663140579,"Open in VP warehouse","New Meter",,L&T,,,,,,,,,,,,15-Apr-21,2022-09-15,Outstock
1170469932,10-Apr-21,181323562027,10-Apr-21,LT0001875,"14/09/2022 12:01:25 PM","1 Phase",8991856050706004521,866545055768276,NBPD,"VM NBPD",1663140579,"Open in VP warehouse","New Meter",,L&T,,,,,,,,,,,,15-Apr-21,2022-09-15,Outstock
1170469932,10-Apr-21,181323562027,10-Apr-21,LT0001876,"14/09/2022 12:01:25 PM","1 Phase",8991856050706004693,866545055752072,NBPD,"VM NBPD",1663140579,"Open in VP warehouse","New Meter",,L&T,,,,,,,,,,,,15-Apr-21,2022-09-15,Outstock
1170469932,10-Apr-21,181323562027,10-Apr-21,LT0001877,"14/09/2022 12:01:25 PM","1 Phase",8991856050706003001,866545055718743,NBPD,"VM NBPD",1663140579,"Open in VP warehouse","New Meter",,L&T,,,,,,,,,,,,15-Apr-21,2022-09-15,Outstock
1170469932,10-Apr-21,181323562027,10-Apr-21,LT0001878,"14/09/2022 12:01:25 PM","1 Phase",8991856050706004895,866545055729682,NBPD,"VM NBPD",1663140579,"Open in VP warehouse","New Meter",,L&T,,,,,,,,,,,,15-Apr-21,2022-09-15,Outstock
1170469932,10-Apr-21,181323562027,10-Apr-21,LT0001879,"14/09/2022 12:01:25 PM","1 Phase",8991856050706004942,866545055718057,NBPD,"VM NBPD",1663140579,"Open in VP warehouse","New Meter",,L&T,,,,,,,,,,,,15-Apr-21,2022-09-15,Outstock
1170469932,10-Apr-21,181323562027,10-Apr-21,LT0001880,"14/09/2022 12:01:25 PM","1 Phase",8991856050706004692,866545055716945,NBPD,"VM NBPD",1663140579,"Open in VP warehouse","New Meter",,L&T,,,,,,,,,,,,15-Apr-21,2022-09-15,Outstock
1170469932,10-Apr-21,181323562027,10-Apr-21,LT0001881,"14/09/2022 12:01:25 PM","1 Phase",8991856050706004691,866545055768458,NBPD,"VM NBPD",1663140579,"Open in VP warehouse","New Meter",,L&T,,,,,,,,,,,,15-Apr-21,2022-09-15,Outstock
1170469932,10-Apr-21,181323562027,10-Apr-21,LT0001882,"14/09/2022 12:01:25 PM","1 Phase",8991856050706004695,866545055716390,NBPD,"VM NBPD",1663140579,"Open in VP warehouse","New Meter",,L&T,,,,,,,,,,,,15-Apr-21,2022-09-15,Outstock
1170469932,10-Apr-21,181323562027,10-Apr-21,LT0001883,"14/09/2022 12:01:25 PM","1 Phase",8991856050706004697,866545055754086,NBPD,"VM NBPD",1663140579,"Open in VP warehouse","New Meter",,L&T,,,,,,,,,,,,15-Apr-21,2022-09-15,Outstock
1170469932,10-Apr-21,181323562027,10-Apr-21,LT0001884,"14/09/2022 12:01:25 PM","1 Phase",8991856050706004759,866545055751546,NBPD,"VM NBPD",1663140579,"Open in VP warehouse","New Meter",,L&T,,,,,,,,,,,,15-Apr-21,2022-09-15,Outstock
1170469932,10-Apr-21,181323562027,10-Apr-21,LT0001885,"14/09/2022 12:01:25 PM","1 Phase",8991856050706003004,866545055718073,NBPD,"VM NBPD",1663140579,"Open in VP warehouse","New Meter",,L&T,,,,,,,,,,,,15-Apr-21,2022-09-15,Outstock
1170469932,10-Apr-21,181323562027,10-Apr-21,LT0001886,"14/09/2022 12:01:25 PM","1 Phase",8991856050706004938,866545055755364,NBPD,"VM NBPD",1663140579,"Open in VP warehouse","New Meter",,L&T,,,,,,,,,,,,15-Apr-21,2022-09-15,Outstock
1170469932,10-Apr-21,181323562027,10-Apr-21,LT0001887,"14/09/2022 12:01:25 PM","1 Phase",8991856050706004519,866545055759317,NBPD,"VM NBPD",1663140579,"Open in VP warehouse","New Meter",,L&T,,,,,,,,,,,,15-Apr-21,2022-09-15,Outstock
1170469932,10-Apr-21,181323562027,10-Apr-21,LT0001888,"14/09/2022 12:01:25 PM","1 Phase",8991856050706004533,866545055769035,NBPD,"VM NBPD",1663140579,"Open in VP warehouse","New Meter",,L&T,,,,,,,,,,,,15-Apr-21,2022-09-15,Outstock
1170469932,10-Apr-21,181323562027,10-Apr-21,LT0001889,"14/09/2022 12:01:25 PM","1 Phase",8991856050706004706,866545055718636,NBPD,"VM NBPD",1663140579,"Open in VP warehouse","New Meter",,L&T,,,,,,,,,,,,15-Apr-21,2022-09-15,Outstock
1170469932,10-Apr-21,181323562027,10-Apr-21,LT0001890,"14/09/2022 12:01:25 PM","1 Phase",8991856050706004500,866545055716440,NBPD,"VM NBPD",1663140579,"Open in VP warehouse","New Meter",,L&T,,,,,,,,,,,,15-Apr-21,2022-09-15,Outstock
1170469932,10-Apr-21,181323562027,10-Apr-21,LT0001891,"14/09/2022 12:01:25 PM","1 Phase",8991856050706004529,866545055749409,NBPD,"VM NBPD",1663140579,"Open in VP warehouse","New Meter",,L&T,,,,,,,,,,,,15-Apr-21,2022-09-15,Outstock
1170469932,10-Apr-21,181323562027,10-Apr-21,LT0001892,"14/09/2022 12:01:25 PM","1 Phase",8991856050706004509,866545055750175,NBPD,"VM NBPD",1663140579,"Open in VP warehouse","New Meter",,L&T,,,,,,,,,,,,15-Apr-21,2022-09-15,Outstock
1170469932,10-Apr-21,181323562027,10-Apr-21,LT0001893,"14/09/2022 12:01:25 PM","1 Phase",8991856050706004524,866545055768193,NBPD,"VM NBPD",1663140579,"Open in VP warehouse","New Meter",,L&T,,,,,,,,,,,,15-Apr-21,2022-09-15,Outstock
1170469932,10-Apr-21,181323562027,10-Apr-21,LT0001894,"14/09/2022 12:01:25 PM","1 Phase",8991856050706004920,866545055719428,NBPD,"VM NBPD",1663140579,"Open in VP warehouse","New Meter",,L&T,,,,,,,,,,,,15-Apr-21,2022-09-15,Outstock
1170469932,10-Apr-21,181323562027,10-Apr-21,LT0001895,"14/09/2022 12:01:25 PM","1 Phase",8991856050706004698,866545055759333,NBPD,"VM NBPD",1663140579,"Open in VP warehouse","New Meter",,L&T,,,,,,,,,,,,15-Apr-21,2022-09-15,Outstock
1170469932,10-Apr-21,181323562027,10-Apr-21,LT0001896,"14/09/2022 12:01:25 PM","1 Phase",8991856050706004528,866545055729203,NBPD,"VM NBPD",1663140579,"Open in VP warehouse","New Meter",,L&T,,,,,,,,,,,,15-Apr-21,2022-09-15,Outstock
1170469932,10-Apr-21,181323562027,10-Apr-21,LT0001897,"14/09/2022 12:01:25 PM","1 Phase",8991856050706004527,866545055733585,NBPD,"VM NBPD",1663140579,"Open in VP warehouse","New Meter",,L&T,,,,,,,,,,,,15-Apr-21,2022-09-15,Outstock
1170469932,10-Apr-21,181323562027,10-Apr-21,LT0001898,"14/09/2022 12:01:25 PM","1 Phase",8991856050706003085,866545055749284,NBPD,"VM NBPD",1663140579,"Open in VP warehouse","New Meter",,L&T,,,,,,,,,,,,15-Apr-21,2022-09-15,Outstock
1170469932,10-Apr-21,181323562027,10-Apr-21,LT0001899,"14/09/2022 12:01:25 PM","1 Phase",8991856050706004703,866545055715160,NBPD,"VM NBPD",1663140579,"Open in VP warehouse","New Meter",,L&T,,,,,,,,,,,,15-Apr-21,2022-09-15,Outstock
1170469932,10-Apr-21,181323562027,10-Apr-21,LT0001900,"14/09/2022 12:01:25 PM","1 Phase",8991856050706004700,866545055754342,NBPD,"VM NBPD",1663140579,"Open in VP warehouse","New Meter",,L&T,,,,,,,,,,,,15-Apr-21,2022-09-15,Outstock
1170469932,10-Apr-21,181323562027,10-Apr-21,LT0001901,"14/09/2022 12:01:25 PM","1 Phase",8991856050706004531,866545055725755,NBPD,"NBPDCL EDF Warehouse",1663140579,"Pending MRN Acceptance in VP warehouse","New Meter",,L&T,,,,,,,,,,,,15-Apr-21,,AssignedToVM
1170469932,10-Apr-21,181323562027,10-Apr-21,LT0001902,"14/09/2022 12:01:25 PM","1 Phase",8991856050706004939,866545055713843,NBPD,"NBPDCL EDF Warehouse",1663140579,"Pending MRN Acceptance in VP warehouse","New Meter",,L&T,,,,,,,,,,,,15-Apr-21,,AssignedToVM
1170469932,10-Apr-21,181323562027,10-Apr-21,LT0001903,"14/09/2022 12:01:25 PM","1 Phase",8991856050706004532,866545055724709,NBPD,"NBPDCL EDF Warehouse",1663140579,"Open in EDF Warehouse","New Meter",,L&T,,,,,,,,,,,,15-Apr-21,,Instock
1170469932,10-Apr-21,181323562027,10-Apr-21,LT0001904,"14/09/2022 12:01:25 PM","1 Phase",8991856050706004522,866545055748492,NBPD,"NBPDCL EDF Warehouse",1663140579,"Open in EDF Warehouse","New Meter",,L&T,,,,,,,,,,,,15-Apr-21,,Instock
1170469932,10-Apr-21,181323562027,10-Apr-21,LT0001905,"14/09/2022 12:01:25 PM","1 Phase",8991856050706004503,866545055758699,NBPD,"NBPDCL EDF Warehouse",1663140579,"Open in EDF Warehouse","New Meter",,L&T,,,,,,,,,,,,15-Apr-21,,Instock
1170469932,10-Apr-21,181323562027,10-Apr-21,LT0001906,"14/09/2022 12:01:25 PM","1 Phase",8991856050706004523,866545055768789,NBPD,"NBPDCL EDF Warehouse",1663140579,"Open in EDF Warehouse","New Meter",,L&T,,,,,,,,,,,,15-Apr-21,,Instock
1170469932,10-Apr-21,181323562027,10-Apr-21,LT0001907,"14/09/2022 12:01:25 PM","1 Phase",8991856050706004508,866545055748484,NBPD,"NBPDCL EDF Warehouse",1663140579,"Open in EDF Warehouse","New Meter",,L&T,,,,,,,,,,,,15-Apr-21,,Instock
1170469932,10-Apr-21,181323562027,10-Apr-21,LT0001908,"14/09/2022 12:01:25 PM","1 Phase",8991856050706004689,866545055717604,NBPD,"NBPDCL EDF Warehouse",1663140579,"Open in EDF Warehouse","New Meter",,L&T,,,,,,,,,,,,15-Apr-21,,Instock
1170469932,10-Apr-21,181323562027,10-Apr-21,LT0001909,"14/09/2022 12:01:25 PM","1 Phase",8991856050706004534,866545055768466,NBPD,"NBPDCL EDF Warehouse",1663140579,"Open in EDF Warehouse","New Meter",,L&T,,,,,,,,,,,,15-Apr-21,,Instock
1170469932,10-Apr-21,181323562027,10-Apr-21,LT0001910,"14/09/2022 12:01:25 PM","1 Phase",8991856050706004883,866545055769100,NBPD,"NBPDCL EDF Warehouse",1663140579,"Open in EDF Warehouse","New Meter",,L&T,,,,,,,,,,,,15-Apr-21,,Instock
1170469932,10-Apr-21,181323562027,10-Apr-21,LT0001911,"14/09/2022 12:01:25 PM","1 Phase",8991856050706004676,866545055754185,NBPD,"NBPDCL EDF Warehouse",1663140579,"Open in EDF Warehouse","New Meter",,L&T,,,,,,,,,,,,15-Apr-21,,Instock
1170469932,10-Apr-21,181323562027,10-Apr-21,LT0001912,"14/09/2022 12:01:25 PM","1 Phase",8991856050706004535,866545055710286,NBPD,"NBPDCL EDF Warehouse",1663140579,"Open in EDF Warehouse","New Meter",,L&T,,,,,,,,,,,,15-Apr-21,,Instock
1170469932,10-Apr-21,181323562027,10-Apr-21,LT0001913,"14/09/2022 12:01:25 PM","1 Phase",8991856050706004686,866545055723115,NBPD,"NBPDCL EDF Warehouse",1663140579,"Open in EDF Warehouse","New Meter",,L&T,,,,,,,,,,,,15-Apr-21,,Instock
1170469932,10-Apr-21,181323562027,10-Apr-21,LT0001914,"14/09/2022 12:01:25 PM","1 Phase",8991856050706004682,866545055716309,NBPD,"NBPDCL EDF Warehouse",1663140579,"Open in EDF Warehouse","New Meter",,L&T,,,,,,,,,,,,15-Apr-21,,Instock
1170469932,10-Apr-21,181323562027,10-Apr-21,LT0001915,"14/09/2022 12:01:25 PM","1 Phase",8991856050706004690,866545055758582,NBPD,"NBPDCL EDF Warehouse",1663140579,"Open in EDF Warehouse","New Meter",,L&T,,,,,,,,,,,,15-Apr-21,,Instock
1170469932,10-Apr-21,181323562027,10-Apr-21,LT0001916,"14/09/2022 12:01:25 PM","1 Phase",8991856050706004681,866545055725037,NBPD,"NBPDCL EDF Warehouse",1663140579,"Open in EDF Warehouse","New Meter",,L&T,,,,,,,,,,,,15-Apr-21,,Instock
1170469932,10-Apr-21,181323562027,10-Apr-21,LT0001917,"14/09/2022 12:01:25 PM","1 Phase",8991856050706004537,866545055749458,NBPD,"NBPDCL EDF Warehouse",1663140579,"Open in EDF Warehouse","New Meter",,L&T,,,,,,,,,,,,15-Apr-21,,Instock
1170469932,10-Apr-21,181323562027,10-Apr-21,LT0001918,"14/09/2022 12:01:25 PM","1 Phase",8991856050706004881,866545055716184,NBPD,"NBPDCL EDF Warehouse",1663140579,"Open in EDF Warehouse","New Meter",,L&T,,,,,,,,,,,,15-Apr-21,,Instock
1170469932,10-Apr-21,181323562027,10-Apr-21,LT0001919,"14/09/2022 12:01:25 PM","1 Phase",8991856050706004688,866545055719402,NBPD,"NBPDCL EDF Warehouse",1663140579,"Open in EDF Warehouse","New Meter",,L&T,,,,,,,,,,,,15-Apr-21,,Instock
1170469932,10-Apr-21,181323562027,10-Apr-21,LT0001920,"14/09/2022 12:01:25 PM","1 Phase",8991856050706004536,866545055714411,NBPD,"NBPDCL EDF Warehouse",1663140579,"Open in EDF Warehouse","New Meter",,L&T,,,,,,,,,,,,15-Apr-21,,Instock
1170469932,10-Apr-21,181323562027,10-Apr-21,LT0001921,"14/09/2022 12:01:25 PM","1 Phase",8991856050706003370,866545055758467,NBPD,"NBPDCL EDF Warehouse",1663140579,"Open in EDF Warehouse","New Meter",,L&T,,,,,,,,,,,,15-Apr-21,,Instock
1170469932,10-Apr-21,181323562027,10-Apr-21,LT0001922,"14/09/2022 12:01:25 PM","1 Phase",8991856050706004530,866545055743220,NBPD,"NBPDCL EDF Warehouse",1663140579,"Open in EDF Warehouse","New Meter",,L&T,,,,,,,,,,,,15-Apr-21,,Instock
1170469932,10-Apr-21,181323562027,10-Apr-21,LT0001923,"14/09/2022 12:01:25 PM","1 Phase",8991856050706004884,866545055715970,NBPD,"NBPDCL EDF Warehouse",1663140579,"Open in EDF Warehouse","New Meter",,L&T,,,,,,,,,,,,15-Apr-21,,Instock
1170469932,10-Apr-21,181323562027,10-Apr-21,LT0001924,"14/09/2022 12:01:25 PM","1 Phase",8991856050706004687,866545055736455,NBPD,"NBPDCL EDF Warehouse",1663140579,"Open in EDF Warehouse","New Meter",,L&T,,,,,,,,,,,,15-Apr-21,,Instock
1170469932,10-Apr-21,181323562027,10-Apr-21,LT0001925,"14/09/2022 12:01:25 PM","1 Phase",8991856050706004887,866545055753252,NBPD,"NBPDCL EDF Warehouse",1663140579,"Open in EDF Warehouse","New Meter",,L&T,,,,,,,,,,,,15-Apr-21,,Instock
1170469932,10-Apr-21,181323562027,10-Apr-21,LT0001926,"14/09/2022 12:01:25 PM","1 Phase",8991856050706004877,866545055721838,NBPD,"NBPDCL EDF Warehouse",1663140579,"Open in EDF Warehouse","New Meter",,L&T,,,,,,,,,,,,15-Apr-21,,Instock
1170469932,10-Apr-21,181323562027,10-Apr-21,LT0001927,"14/09/2022 12:01:25 PM","1 Phase",8991856050706004882,866545055727454,NBPD,"NBPDCL EDF Warehouse",1663140579,"Open in EDF Warehouse","New Meter",,L&T,,,,,,,,,,,,15-Apr-21,,Instock
1170469932,10-Apr-21,181323562027,10-Apr-21,LT0001928,"14/09/2022 12:01:25 PM","1 Phase",8991856050706004876,866545055719410,NBPD,"NBPDCL EDF Warehouse",1663140579,"Open in EDF Warehouse","New Meter",,L&T,,,,,,,,,,,,15-Apr-21,,Instock
1170469932,10-Apr-21,181323562027,10-Apr-21,LT0001929,"14/09/2022 12:01:25 PM","1 Phase",8991856050706004997,866545055721200,NBPD,"NBPDCL EDF Warehouse",1663140579,"Open in EDF Warehouse","New Meter",,L&T,,,,,,,,,,,,15-Apr-21,,Instock
1170469932,10-Apr-21,181323562027,10-Apr-21,LT0001930,"14/09/2022 12:01:25 PM","1 Phase",8991856050706004992,866545055712514,NBPD,"NBPDCL EDF Warehouse",1663140579,"Open in EDF Warehouse","New Meter",,L&T,,,,,,,,,,,,15-Apr-21,,Instock
1170469932,10-Apr-21,181323562027,10-Apr-21,LT0001931,"14/09/2022 12:01:25 PM","1 Phase",8991856050706004910,866545055714148,NBPD,"NBPDCL EDF Warehouse",1663140579,"Open in EDF Warehouse","New Meter",,L&T,,,,,,,,,,,,15-Apr-21,,Instock
1170469932,10-Apr-21,181323562027,10-Apr-21,LT0001932,"14/09/2022 12:01:25 PM","1 Phase",8991856050706004889,866545055733650,NBPD,"NBPDCL EDF Warehouse",1663140579,"Open in EDF Warehouse","New Meter",,L&T,,,,,,,,,,,,15-Apr-21,,Instock
1170469932,10-Apr-21,181323562027,10-Apr-21,LT0001933,"14/09/2022 12:01:25 PM","1 Phase",8991856050706004801,866545055742164,NBPD,"NBPDCL EDF Warehouse",1663140579,"Open in EDF Warehouse","New Meter",,L&T,,,,,,,,,,,,15-Apr-21,,Instock
1170469932,10-Apr-21,181323562027,10-Apr-21,LT0001934,"14/09/2022 12:01:25 PM","1 Phase",8991856050706004905,866545055720392,NBPD,"NBPDCL EDF Warehouse",1663140579,"Open in EDF Warehouse","New Meter",,L&T,,,,,,,,,,,,15-Apr-21,,Instock
1170469932,10-Apr-21,181323562027,10-Apr-21,LT0001935,"14/09/2022 12:01:25 PM","1 Phase",8991856050706004878,866545055734286,NBPD,"NBPDCL EDF Warehouse",1663140579,"Open in EDF Warehouse","New Meter",,L&T,,,,,,,,,,,,15-Apr-21,,Instock
1170469932,10-Apr-21,181323562027,10-Apr-21,LT0001936,"14/09/2022 12:01:25 PM","1 Phase",8991856050706004888,866545055721879,NBPD,"NBPDCL EDF Warehouse",1663140579,"Open in EDF Warehouse","New Meter",,L&T,,,,,,,,,,,,15-Apr-21,,Instock
1170469932,10-Apr-21,181323562027,10-Apr-21,LT0001937,"14/09/2022 12:01:25 PM","1 Phase",8991856050706004880,866545055724865,NBPD,"NBPDCL EDF Warehouse",1663140579,"Open in EDF Warehouse","New Meter",,L&T,,,,,,,,,,,,15-Apr-21,,Instock
1170469932,10-Apr-21,181323562027,10-Apr-21,LT0001938,"14/09/2022 12:01:25 PM","1 Phase",8991856050706004974,866545055752288,NBPD,"NBPDCL EDF Warehouse",1663140579,"Open in EDF Warehouse","New Meter",,L&T,,,,,,,,,,,,15-Apr-21,,Instock
1170469932,10-Apr-21,181323562027,10-Apr-21,LT0001939,"14/09/2022 12:01:25 PM","1 Phase",8991856050706004958,866545055710195,NBPD,"NBPDCL EDF Warehouse",1663140579,"Open in EDF Warehouse","New Meter",,L&T,,,,,,,,,,,,15-Apr-21,,Instock
1170469932,10-Apr-21,181323562027,10-Apr-21,LT0001940,"14/09/2022 12:01:25 PM","1 Phase",8991856050706004886,866545055717026,NBPD,"NBPDCL EDF Warehouse",1663140579,"Open in EDF Warehouse","New Meter",,L&T,,,,,,,,,,,,15-Apr-21,,Instock
1170469932,10-Apr-21,181323562027,10-Apr-21,LT0001941,"14/09/2022 12:01:25 PM","1 Phase",8991856050706004879,866545055726928,NBPD,"NBPDCL EDF Warehouse",1663140579,"Open in EDF Warehouse","New Meter",,L&T,,,,,,,,,,,,15-Apr-21,,Instock
1170469932,10-Apr-21,181323562027,10-Apr-21,LT0001942,"14/09/2022 12:01:25 PM","1 Phase",8991856050706004885,866545055727843,NBPD,"NBPDCL EDF Warehouse",1663140579,"Open in EDF Warehouse","New Meter",,L&T,,,,,,,,,,,,15-Apr-21,,Instock
1170469932,10-Apr-21,181323562027,10-Apr-21,LT0001943,"14/09/2022 12:01:25 PM","1 Phase",8991856050706004875,866545055720277,NBPD,"NBPDCL EDF Warehouse",1663140579,"Open in EDF Warehouse","New Meter",,L&T,,,,,,,,,,,,15-Apr-21,,Instock
1170469932,10-Apr-21,181323562027,10-Apr-21,LT0001944,"14/09/2022 12:01:25 PM","1 Phase",8991856050706004994,866545055742859,NBPD,"NBPDCL EDF Warehouse",1663140579,"Open in EDF Warehouse","New Meter",,L&T,,,,,,,,,,,,15-Apr-21,,Instock
1170469932,10-Apr-21,181323562027,10-Apr-21,LT0001945,"14/09/2022 12:01:25 PM","1 Phase",8991856050706004906,866545055725292,NBPD,"NBPDCL EDF Warehouse",1663140579,"Open in EDF Warehouse","New Meter",,L&T,,,,,,,,,,,,15-Apr-21,,Instock
1170469932,10-Apr-21,181323562027,10-Apr-21,LT0001946,"14/09/2022 12:01:25 PM","1 Phase",8991856050706004999,866545055710823,NBPD,"NBPDCL EDF Warehouse",1663140579,"Open in EDF Warehouse","New Meter",,L&T,,,,,,,,,,,,15-Apr-21,,Instock
1170469932,10-Apr-21,181323562027,10-Apr-21,LT0001947,"14/09/2022 12:01:25 PM","1 Phase",8991856050706004890,866545055724717,NBPD,"NBPDCL EDF Warehouse",1663140579,"Open in EDF Warehouse","New Meter",,L&T,,,,,,,,,,,,15-Apr-21,,Instock
1170469932,10-Apr-21,181323562027,10-Apr-21,LT0001948,"14/09/2022 12:01:25 PM","1 Phase",8991856050706004993,866545055767732,NBPD,"NBPDCL EDF Warehouse",1663140579,"Open in EDF Warehouse","New Meter",,L&T,,,,,,,,,,,,15-Apr-21,,Instock
1170469932,10-Apr-21,181323562027,10-Apr-21,LT0001949,"14/09/2022 12:01:25 PM","1 Phase",8991856050706004991,866545055745902,NBPD,"NBPDCL EDF Warehouse",1663140579,"Open in EDF Warehouse","New Meter",,L&T,,,,,,,,,,,,15-Apr-21,,Instock
1170469932,10-Apr-21,181323562027,10-Apr-21,LT0001950,"14/09/2022 12:01:25 PM","1 Phase",8991856050706004908,866545055715608,NBPD,"NBPDCL EDF Warehouse",1663140579,"Open in EDF Warehouse","New Meter",,L&T,,,,,,,,,,,,15-Apr-21,,Instock
1170469932,10-Apr-21,181323562027,10-Apr-21,LT0001951,"14/09/2022 12:01:25 PM","1 Phase",8991856050706004986,866545055713132,NBPD,"NBPDCL EDF Warehouse",1663140579,"Open in EDF Warehouse","New Meter",,L&T,,,,,,,,,,,,15-Apr-21,,Instock
1170469932,10-Apr-21,181323562027,10-Apr-21,LT0001952,"14/09/2022 12:01:25 PM","1 Phase",8991856050706004982,866545055745191,NBPD,"NBPDCL EDF Warehouse",1663140579,"Open in EDF Warehouse","New Meter",,L&T,,,,,,,,,,,,15-Apr-21,,Instock
1170469932,10-Apr-21,181323562027,10-Apr-21,LT0001953,"14/09/2022 12:01:25 PM","1 Phase",8991856050706004959,866545055720517,NBPD,"NBPDCL EDF Warehouse",1663140579,"Open in EDF Warehouse","New Meter",,L&T,,,,,,,,,,,,15-Apr-21,,Instock
1170469932,10-Apr-21,181323562027,10-Apr-21,LT0001954,"14/09/2022 12:01:25 PM","1 Phase",8991856050706004998,866545055742966,NBPD,"NBPDCL EDF Warehouse",1663140579,"Open in EDF Warehouse","New Meter",,L&T,,,,,,,,,,,,15-Apr-21,,Instock
1170469932,10-Apr-21,181323562027,10-Apr-21,LT0001955,"14/09/2022 12:01:25 PM","1 Phase",8991856050706004800,866545055723487,NBPD,"NBPDCL EDF Warehouse",1663140579,"Open in EDF Warehouse","New Meter",,L&T,,,,,,,,,,,,15-Apr-21,,Instock
1170469932,10-Apr-21,181323562027,10-Apr-21,LT0001956,"14/09/2022 12:01:25 PM","1 Phase",8991856050706004904,866545055731993,NBPD,"NBPDCL EDF Warehouse",1663140579,"Open in EDF Warehouse","New Meter",,L&T,,,,,,,,,,,,15-Apr-21,,Instock
1170469932,10-Apr-21,181323562027,10-Apr-21,LT0001957,"14/09/2022 12:01:25 PM","1 Phase",8991856050706004996,866545055710385,NBPD,"NBPDCL EDF Warehouse",1663140579,"Open in EDF Warehouse","New Meter",,L&T,,,,,,,,,,,,15-Apr-21,,Instock
1170469932,10-Apr-21,181323562027,10-Apr-21,LT0001958,"14/09/2022 12:01:25 PM","1 Phase",8991856050706004913,866545055743238,NBPD,"NBPDCL EDF Warehouse",1663140579,"Open in EDF Warehouse","New Meter",,L&T,,,,,,,,,,,,15-Apr-21,,Instock
1170469932,10-Apr-21,181323562027,10-Apr-21,LT0001959,"14/09/2022 12:01:25 PM","1 Phase",8991856050706004663,866545055747155,NBPD,"NBPDCL EDF Warehouse",1663140579,"Open in EDF Warehouse","New Meter",,L&T,,,,,,,,,,,,15-Apr-21,,Instock
1170469932,10-Apr-21,181323562027,10-Apr-21,LT0001960,"14/09/2022 12:01:25 PM","1 Phase",8991856050706004995,866545055759689,NBPD,"NBPDCL EDF Warehouse",1663140579,"Open in EDF Warehouse","New Meter",,L&T,,,,,,,,,,,,15-Apr-21,,Instock
1170469932,10-Apr-21,181323562027,10-Apr-21,LT0001961,"14/09/2022 12:01:25 PM","1 Phase",8991856050706004917,866545055720327,NBPD,"NBPDCL EDF Warehouse",1663140579,"Open in EDF Warehouse","New Meter",,L&T,,,,,,,,,,,,15-Apr-21,,Instock
1170469932,10-Apr-21,181323562027,10-Apr-21,LT0001962,"14/09/2022 12:01:25 PM","1 Phase",8991856050706004990,866545055718727,NBPD,"NBPDCL EDF Warehouse",1663140579,"Open in EDF Warehouse","New Meter",,L&T,,,,,,,,,,,,15-Apr-21,,Instock
1170469932,10-Apr-21,181323562027,10-Apr-21,LT0001963,"14/09/2022 12:01:25 PM","1 Phase",8991856050706004660,866545055729724,NBPD,"NBPDCL EDF Warehouse",1663140579,"Open in EDF Warehouse","New Meter",,L&T,,,,,,,,,,,,15-Apr-21,,Instock
1170469932,10-Apr-21,181323562027,10-Apr-21,LT0001964,"14/09/2022 12:01:25 PM","1 Phase",8991856050706004976,866545055742545,NBPD,"NBPDCL EDF Warehouse",1663140579,"Open in EDF Warehouse","New Meter",,L&T,,,,,,,,,,,,15-Apr-21,,Instock
1170469932,10-Apr-21,181323562027,10-Apr-21,LT0001965,"14/09/2022 12:01:25 PM","1 Phase",8991856050706004916,866545055742693,NBPD,"NBPDCL EDF Warehouse",1663140579,"Open in EDF Warehouse","New Meter",,L&T,,,,,,,,,,,,15-Apr-21,,Instock
1170469932,10-Apr-21,181323562027,10-Apr-21,LT0001966,"14/09/2022 12:01:25 PM","1 Phase",8991856050706004984,866545055716242,NBPD,"NBPDCL EDF Warehouse",1663140579,"Open in EDF Warehouse","New Meter",,L&T,,,,,,,,,,,,15-Apr-21,,Instock
1170469932,10-Apr-21,181323562027,10-Apr-21,LT0001967,"14/09/2022 12:01:25 PM","1 Phase",8991856050706004680,866545055732389,NBPD,"NBPDCL EDF Warehouse",1663140579,"Open in EDF Warehouse","New Meter",,L&T,,,,,,,,,,,,15-Apr-21,,Instock
1170469932,10-Apr-21,181323562027,10-Apr-21,LT0001968,"14/09/2022 12:01:25 PM","1 Phase",8991856050706004963,866545055723669,NBPD,"NBPDCL EDF Warehouse",1663140579,"Open in EDF Warehouse","New Meter",,L&T,,,,,,,,,,,,15-Apr-21,,Instock
1170469932,10-Apr-21,181323562027,10-Apr-21,LT0001969,"14/09/2022 12:01:25 PM","1 Phase",8991856050706004665,866545055746850,NBPD,"NBPDCL EDF Warehouse",1663140579,"Open in EDF Warehouse","New Meter",,L&T,,,,,,,,,,,,15-Apr-21,,Instock
1170469932,10-Apr-21,181323562027,10-Apr-21,LT0001970,"14/09/2022 12:01:25 PM","1 Phase",8991856050706004673,866545055709668,NBPD,"NBPDCL EDF Warehouse",1663140579,"Open in EDF Warehouse","New Meter",,L&T,,,,,,,,,,,,15-Apr-21,,Instock
1170469932,10-Apr-21,181323562027,10-Apr-21,LT0001971,"14/09/2022 12:01:25 PM","1 Phase",8991856050706004675,866545055718503,NBPD,"NBPDCL EDF Warehouse",1663140579,"Open in EDF Warehouse","New Meter",,L&T,,,,,,,,,,,,15-Apr-21,,Instock
1170469932,10-Apr-21,181323562027,10-Apr-21,LT0001972,"14/09/2022 12:01:25 PM","1 Phase",8991856050706004658,866545055721986,NBPD,"NBPDCL EDF Warehouse",1663140579,"Open in EDF Warehouse","New Meter",,L&T,,,,,,,,,,,,15-Apr-21,,Instock
1170469932,10-Apr-21,181323562027,10-Apr-21,LT0001973,"14/09/2022 12:01:25 PM","1 Phase",8991856050706004667,866545055760703,NBPD,"NBPDCL EDF Warehouse",1663140579,"Open in EDF Warehouse","New Meter",,L&T,,,,,,,,,,,,15-Apr-21,,Instock
1170469932,10-Apr-21,181323562027,10-Apr-21,LT0001974,"14/09/2022 12:01:26 PM","1 Phase",8991856050706004610,866545055727892,NBPD,"NBPDCL EDF Warehouse",1663140579,"Open in EDF Warehouse","New Meter",,L&T,,,,,,,,,,,,15-Apr-21,,Instock
1170469932,10-Apr-21,181323562027,10-Apr-21,LT0001975,"14/09/2022 12:01:26 PM","1 Phase",8991856050706004661,866545055732413,NBPD,"NBPDCL EDF Warehouse",1663140579,"Open in EDF Warehouse","New Meter",,L&T,,,,,,,,,,,,15-Apr-21,,Instock
1170469932,10-Apr-21,181323562027,10-Apr-21,LT0001976,"14/09/2022 12:01:26 PM","1 Phase",8991856050706004962,866545055745837,NBPD,"NBPDCL EDF Warehouse",1663140579,"Open in EDF Warehouse","New Meter",,L&T,,,,,,,,,,,,15-Apr-21,,Instock
1170469932,10-Apr-21,181323562027,10-Apr-21,LT0001977,"14/09/2022 12:01:26 PM","1 Phase",8991856050706004964,866545055727355,NBPD,"NBPDCL EDF Warehouse",1663140579,"Open in EDF Warehouse","New Meter",,L&T,,,,,,,,,,,,15-Apr-21,,Instock
1170469932,10-Apr-21,181323562027,10-Apr-21,LT0001978,"14/09/2022 12:01:26 PM","1 Phase",8991856050706004679,866545055725722,NBPD,"NBPDCL EDF Warehouse",1663140579,"Open in EDF Warehouse","New Meter",,L&T,,,,,,,,,,,,15-Apr-21,,Instock
1170469932,10-Apr-21,181323562027,10-Apr-21,LT0001979,"14/09/2022 12:01:26 PM","1 Phase",8991856050706004659,866545055722042,NBPD,"NBPDCL EDF Warehouse",1663140579,"Open in EDF Warehouse","New Meter",,L&T,,,,,,,,,,,,15-Apr-21,,Instock
1170469932,10-Apr-21,181323562027,10-Apr-21,LT0001980,"14/09/2022 12:01:26 PM","1 Phase",8991856050706004513,866545055730458,NBPD,"NBPDCL EDF Warehouse",1663140579,"Open in EDF Warehouse","New Meter",,L&T,,,,,,,,,,,,15-Apr-21,,Instock
1170469932,10-Apr-21,181323562027,10-Apr-21,LT0001981,"14/09/2022 12:01:26 PM","1 Phase",8991856050706004662,866545055728205,NBPD,"NBPDCL EDF Warehouse",1663140579,"Open in EDF Warehouse","New Meter",,L&T,,,,,,,,,,,,15-Apr-21,,Instock
1170469932,10-Apr-21,181323562027,10-Apr-21,LT0001982,"14/09/2022 12:01:26 PM","1 Phase",8991856050706004670,866545055737172,NBPD,"NBPDCL EDF Warehouse",1663140579,"Open in EDF Warehouse","New Meter",,L&T,,,,,,,,,,,,15-Apr-21,,Instock
1170469932,10-Apr-21,181323562027,10-Apr-21,LT0001983,"14/09/2022 12:01:26 PM","1 Phase",8991856050706004515,866545055749425,NBPD,"NBPDCL EDF Warehouse",1663140579,"Open in EDF Warehouse","New Meter",,L&T,,,,,,,,,,,,15-Apr-21,,Instock
1170469932,10-Apr-21,181323562027,10-Apr-21,LT0001984,"14/09/2022 12:01:26 PM","1 Phase",8991856050706004664,866545055737891,NBPD,"NBPDCL EDF Warehouse",1663140579,"Open in EDF Warehouse","New Meter",,L&T,,,,,,,,,,,,15-Apr-21,,Instock
1170469932,10-Apr-21,181323562027,10-Apr-21,LT0001985,"14/09/2022 12:01:26 PM","1 Phase",8991856050706004514,866545055740531,NBPD,"NBPDCL EDF Warehouse",1663140579,"Open in EDF Warehouse","New Meter",,L&T,,,,,,,,,,,,15-Apr-21,,Instock
1170469932,10-Apr-21,181323562027,10-Apr-21,LT0001986,"14/09/2022 12:01:26 PM","1 Phase",8991856050706004669,866545055733940,NBPD,"NBPDCL EDF Warehouse",1663140579,"Open in EDF Warehouse","New Meter",,L&T,,,,,,,,,,,,15-Apr-21,,Instock
1170469932,10-Apr-21,181323562027,10-Apr-21,LT0001987,"14/09/2022 12:01:26 PM","1 Phase",8991856050706004657,866545055726316,NBPD,"NBPDCL EDF Warehouse",1663140579,"Open in EDF Warehouse","New Meter",,L&T,,,,,,,,,,,,15-Apr-21,,Instock
1170469932,10-Apr-21,181323562027,10-Apr-21,LT0001988,"14/09/2022 12:01:26 PM","1 Phase",8991856050706004516,866545055725763,NBPD,"NBPDCL EDF Warehouse",1663140579,"Open in EDF Warehouse","New Meter",,L&T,,,,,,,,,,,,15-Apr-21,,Instock
1170469932,10-Apr-21,181323562027,10-Apr-21,LT0001989,"14/09/2022 12:01:26 PM","1 Phase",8991856050706004672,866545055715657,NBPD,"NBPDCL EDF Warehouse",1663140579,"Open in EDF Warehouse","New Meter",,L&T,,,,,,,,,,,,15-Apr-21,,Instock
1170469932,10-Apr-21,181323562027,10-Apr-21,LT0001990,"14/09/2022 12:01:26 PM","1 Phase",8991856050706004677,866545055722711,NBPD,"NBPDCL EDF Warehouse",1663140579,"Open in EDF Warehouse","New Meter",,L&T,,,,,,,,,,,,15-Apr-21,,Instock
1170469932,10-Apr-21,181323562027,10-Apr-21,LT0001991,"14/09/2022 12:01:26 PM","1 Phase",8991856050706004666,866545055714841,NBPD,"NBPDCL EDF Warehouse",1663140579,"Open in EDF Warehouse","New Meter",,L&T,,,,,,,,,,,,15-Apr-21,,Instock
1170469932,10-Apr-21,181323562027,10-Apr-21,LT0001992,"14/09/2022 12:01:26 PM","1 Phase",8991856050706004668,866545055731209,NBPD,"NBPDCL EDF Warehouse",1663140579,"Open in EDF Warehouse","New Meter",,L&T,,,,,,,,,,,,15-Apr-21,,Instock
1170469932,10-Apr-21,181323562027,10-Apr-21,LT0001993,"14/09/2022 12:01:26 PM","1 Phase",8991856050706004674,866545055721853,NBPD,"NBPDCL EDF Warehouse",1663140579,"Open in EDF Warehouse","New Meter",,L&T,,,,,,,,,,,,15-Apr-21,,Instock
1170469932,10-Apr-21,181323562027,10-Apr-21,LT0001994,"14/09/2022 12:01:26 PM","1 Phase",8991856050706004685,866545055725912,NBPD,"NBPDCL EDF Warehouse",1663140579,"Open in EDF Warehouse","New Meter",,L&T,,,,,,,,,,,,15-Apr-21,,Instock
1170469932,10-Apr-21,181323562027,10-Apr-21,LT0001995,"14/09/2022 12:01:26 PM","1 Phase",8991856050706004678,866545055769191,NBPD,"NBPDCL EDF Warehouse",1663140579,"Open in EDF Warehouse","New Meter",,L&T,,,,,,,,,,,,15-Apr-21,,Instock
1170469932,10-Apr-21,181323562027,10-Apr-21,LT0001996,"14/09/2022 12:01:26 PM","1 Phase",8991856050706004517,866545055753674,NBPD,"NBPDCL EDF Warehouse",1663140579,"Open in EDF Warehouse","New Meter",,L&T,,,,,,,,,,,,15-Apr-21,,Instock
1170469932,10-Apr-21,181323562027,10-Apr-21,LT0001997,"14/09/2022 12:01:26 PM","1 Phase",8991856050706004684,866545055724956,NBPD,"NBPDCL EDF Warehouse",1663140579,"Open in EDF Warehouse","New Meter",,L&T,,,,,,,,,,,,15-Apr-21,,Instock
1170469932,10-Apr-21,181323562027,10-Apr-21,LT0001998,"14/09/2022 12:01:26 PM","1 Phase",8991856050706004671,866545055718537,NBPD,"NBPDCL EDF Warehouse",1663140579,"Open in EDF Warehouse","New Meter",,L&T,,,,,,,,,,,,15-Apr-21,,Instock
1170469932,10-Apr-21,181323562027,10-Apr-21,LT0001999,"14/09/2022 12:01:26 PM","1 Phase",8991856050706004501,866545055716093,NBPD,"NBPDCL EDF Warehouse",1663140579,"Open in EDF Warehouse","New Meter",,L&T,,,,,,,,,,,,15-Apr-21,,Instock
1170469932,10-Apr-21,181323562027,10-Apr-21,LT0002000,"14/09/2022 12:01:26 PM","1 Phase",8991856050706004683,866545055737917,NBPD,"NBPDCL EDF Warehouse",1663140579,"Open in EDF Warehouse","New Meter",,L&T,,,,,,,,,,,,15-Apr-21,,Instock
1170719888,19-Aug-22,141515328769,19-Aug-22,RE_GL8278811,"15/09/2022 10:47:43 AM","1 Phase",89918560407065097558,860953066060467,NBPD,"Main Warehouse",,"Pending technical test",Pending,,L&T,,,,,,,,,,,,26-Aug-22,,NA
1170719888,19-Aug-22,141515328769,19-Aug-22,NR_GL8278811,"15/09/2022 10:47:43 AM","1 Phase",89918560407065097988,860953065632019,NBPD,"Main Warehouse",,"Pending technical test",Pending,,L&T,,,,,,,,,,,,26-Aug-22,,NA
1170689007,27-Apr-22,1.61E+11,27-Apr-22,LT0612884,"19/09/2022 11:53:59 AM","1 Phase",8.99E+19,8.61E+14,NBPD,"Main Warehouse",1663568970,"Main Warehouse","New Meter",,L&T,,,,,,,,,,,,30-Apr-22,2022-09-19,NA
1170689007,27-Apr-22,1.61E+11,27-Apr-22,LT0612885,"19/09/2022 11:53:59 AM","1 Phase",8.99E+19,8.61E+14,NBPD,"Main Warehouse",,"Pending technical test",Pending,,L&T,,,,,,,,,,,,30-Apr-22,,NA
1101232024,27-Jan-22,1.61E+11,27-Jan-24,LT0612084,"23/01/2024 05:28:59 PM","1 Phase",sim_8.99E+19,8.61E+14,NBPD,"Main Warehouse",,"Pending MRN Acceptance in EDF warehouse","New Meter",,L&T,,,,,,,,,,,,30-Apr-22,,NA
1101232025,27-Jan-22,1.61E+11,27-Jan-24,LT0612085,"23/01/2024 05:28:59 PM","1 Phase",sim_8.99E+19,8.61E+14,NBPD,"Main Warehouse",,"Pending MRN Acceptance in EDF warehouse","New Meter",,L&T,,,,,,,,,,,,30-Apr-22,,NA
1101200114,25-Jan-24,1.61E+11,27-Jan-24,LT0012025,"24/01/2024 03:22:22 PM","1 Phase",sim_8.99E+19,8.61E+14,NBPD,"Main Warehouse",,"Pending MRN Acceptance in EDF warehouse","New Meter",,L&T,,,,,,,,,,,,31-Jan-24,,NA
1101200115,25-Jan-24,1.61E+11,27-Jan-24,LT0022025,"24/01/2024 03:22:22 PM","1 Phase",sim_8.99E+19,8.61E+14,NBPD,"Main Warehouse",,"Pending MRN Acceptance in EDF warehouse","New Meter",,L&T,,,,,,,,,,,,31-Jan-24,,NA
1111200111,26-Jan-24,1.61E+11,27-Jan-24,LT0011111,"25/01/2024 12:41:07 PM","1 Phase",sim_8.99E+19,8.61E+14,NBPD,"Delhi Ware House1",1706175409,"Open in EDF Warehouse","New Meter",,L&T,,,,,,,,,,,,31-Jan-24,,Instock
1111200222,26-Jan-24,1.61E+11,27-Jan-24,LT0022222,"25/01/2024 12:41:07 PM","1 Phase",sim_8.99E+19,8.61E+14,NBPD,"Delhi Ware House1",1706175409,"Open in EDF Warehouse","New Meter",,L&T,,,,,,,,,,,,31-Jan-24,,Instock
1111200001,26-Jan-24,1.61E+11,27-Jan-24,LT0011123,"25/01/2024 02:45:11 PM","1 Phase",sim_8.99E+19,8.61E+14,NBPD,"Main Warehouse",,"Open in EDF pool","New Meter",,L&T,,,,,,,,,,,,31-Jan-24,,NA
1111200002,26-Jan-24,1.61E+11,27-Jan-24,LT0022234,"25/01/2024 02:45:11 PM","1 Phase",sim_8.99E+19,8.61E+14,NBPD,"Main Warehouse",,"Open in EDF pool","New Meter",,L&T,,,,,,,,,,,,31-Jan-24,,NA
